[
	{
		"lati": 47.005572,
		"longi": -120.540168,
		"name": "Tree 2"
	},
	{
		"lati": 47.003758,   
		"longi": -120.542840,
		"name": "Tree 3"
	},
	{
		"lati": 47.005016,  
		"longi": -120.539600,
		"name": "Tree 4"
	},
	{
		"lati": 47.001153,
		"longi": -120.542925,
		"name": "Tree 5"
	},
	{
		"lati": 47.003370,   
		"longi": -120.539825,
		"name": "Tree 6"
	},
	{
		"lati": 47.003684,  
		"longi": -120.535512,
		"name": "Tree 7"
	},
	{
		"lati": 47.005755,
		"longi": -120.542958,
		"name": "Tree 8"
	},
	{
		"lati": 47.010071,   
		"longi": -120.540812,
		"name": "Tree 9"
	},
	{
		"lati": 47.005087,  
		"longi": -120.532085,
		"name": "Tree 10"
	},
	{
		"lati": 47.003800,
		"longi": -120.537245,
		"name": "Tree 11"
	},
	{
		"lati": 47.004861,   
		"longi": -120.540238,
		"name": "Tree 12"
	},
	{
		"lati": 47.002799,
		"longi": -120.540351,
		"name": "Tree 13"
	}
]